ID,Title,Content,Excerpt,Date,"Post Type",Permalink,"Parent Product ID",Sku,Price,"Regular Price","Sale Price","Stock Status",Stock,"External Product URL","Total Sales","Attribute Name (pa_akku)","Attribute Value (pa_akku)","Attribute In Variations (pa_akku)","Attribute Is Visible (pa_akku)","Attribute Is Taxonomy (pa_akku)","Attribute Name (pa_anzahl_aufsaetze)","Attribute Value (pa_anzahl_aufsaetze)","Attribute In Variations (pa_anzahl_aufsaetze)","Attribute Is Visible (pa_anzahl_aufsaetze)","Attribute Is Taxonomy (pa_anzahl_aufsaetze)","Attribute Name (pa_bruttogewicht_inkl_verp)","Attribute Value (pa_bruttogewicht_inkl_verp)","Attribute In Variations (pa_bruttogewicht_inkl_verp)","Attribute Is Visible (pa_bruttogewicht_inkl_verp)","Attribute Is Taxonomy (pa_bruttogewicht_inkl_verp)","Attribute Name (pa_farbe)","Attribute Value (pa_farbe)","Attribute In Variations (pa_farbe)","Attribute Is Visible (pa_farbe)","Attribute Is Taxonomy (pa_farbe)","Attribute Name (pa_fassungsvermoegen)","Attribute Value (pa_fassungsvermoegen)","Attribute In Variations (pa_fassungsvermoegen)","Attribute Is Visible (pa_fassungsvermoegen)","Attribute Is Taxonomy (pa_fassungsvermoegen)","Attribute Name (pa_filtereinsatz)","Attribute Value (pa_filtereinsatz)","Attribute In Variations (pa_filtereinsatz)","Attribute Is Visible (pa_filtereinsatz)","Attribute Is Taxonomy (pa_filtereinsatz)","Attribute Name (pa_geraeuschentwicklung)","Attribute Value (pa_geraeuschentwicklung)","Attribute In Variations (pa_geraeuschentwicklung)","Attribute Is Visible (pa_geraeuschentwicklung)","Attribute Is Taxonomy (pa_geraeuschentwicklung)","Attribute Name (pa_gewicht)","Attribute Value (pa_gewicht)","Attribute In Variations (pa_gewicht)","Attribute Is Visible (pa_gewicht)","Attribute Is Taxonomy (pa_gewicht)","Attribute Name (pa_ladezeit)","Attribute Value (pa_ladezeit)","Attribute In Variations (pa_ladezeit)","Attribute Is Visible (pa_ladezeit)","Attribute Is Taxonomy (pa_ladezeit)","Attribute Name (pa_laufzeit_leistung_eco)","Attribute Value (pa_laufzeit_leistung_eco)","Attribute In Variations (pa_laufzeit_leistung_eco)","Attribute Is Visible (pa_laufzeit_leistung_eco)","Attribute Is Taxonomy (pa_laufzeit_leistung_eco)","Attribute Name (pa_masse_des_produktes)","Attribute Value (pa_masse_des_produktes)","Attribute In Variations (pa_masse_des_produktes)","Attribute Is Visible (pa_masse_des_produktes)","Attribute Is Taxonomy (pa_masse_des_produktes)","Attribute Name (pa_saugleistung)","Attribute Value (pa_saugleistung)","Attribute In Variations (pa_saugleistung)","Attribute Is Visible (pa_saugleistung)","Attribute Is Taxonomy (pa_saugleistung)","Attribute Name (pa_saugstaerke)","Attribute Value (pa_saugstaerke)","Attribute In Variations (pa_saugstaerke)","Attribute Is Visible (pa_saugstaerke)","Attribute Is Taxonomy (pa_saugstaerke)","Attribute Name (pa_saugstufen)","Attribute Value (pa_saugstufen)","Attribute In Variations (pa_saugstufen)","Attribute Is Visible (pa_saugstufen)","Attribute Is Taxonomy (pa_saugstufen)","Attribute Name (pa_staubbeutel)","Attribute Value (pa_staubbeutel)","Attribute In Variations (pa_staubbeutel)","Attribute Is Visible (pa_staubbeutel)","Attribute Is Taxonomy (pa_staubbeutel)","Attribute Name (pa_staubsaugertyp)","Attribute Value (pa_staubsaugertyp)","Attribute In Variations (pa_staubsaugertyp)","Attribute Is Visible (pa_staubsaugertyp)","Attribute Is Taxonomy (pa_staubsaugertyp)","Shipping Class","Image URL","Image Title","Image Caption","Image Description","Image Alt Text","Image Featured","Attachment URL",Sprachen,post_translations,"Product Type","Sichtbarkeit des Produkts",Produkt-Kategorien,"Produkt Schlagwörter","Product Visibility",Status,"Author ID","Author Username","Author Email","Author First Name","Author Last Name",Slug,Format,Template,"Parent Slug",Order,"Comment Status","Ping Status","Post Modified Date",Downloadable,Virtual,"Purchase Note",Featured,Weight,Length,Width,Height,"Sale Price Dates From","Sale Price Dates To","Sold Individually","Manage Stock",Up-Sells,Cross-Sells,"Downloadable Files Paths","Downloadable Files Names","Download Limit","Download Expiry","Download Type","Button Text",Backorders,"Tax Status","Tax Class","Product Image Gallery","Default Attributes","Product Attributes","Product Version","Variation Description","Wc Rating Count","Wc Review Count","Wc Average Rating",Children
29,"Toaster 1000","Dies ist die Kategoriebeschreibung für den Toaster 1000",,"2022-02-27 00:50:03",product,https://severin.sixa.ch/de-de/produkt/toaster-1000/,0,TS1000,101,101,,outofstock,0,,330,Akku,,no,no,no,"Anzahl Aufsätze",,no,no,no,"Bruttogewicht (inkl. Verp.)",,no,no,no,Farbe,Blau,no,yes,yes,Fassungsvermögen,,no,no,no,Filtereinsatz,,no,no,no,Geräuschentwicklung,,no,no,no,Gewicht,1000,no,yes,yes,Ladezeit,,no,no,no,"Laufzeit / Leistung (Eco)",,no,no,no,"Masse des Produktes",,no,no,no,Saugleistung,,no,no,no,Saugstärke,,no,no,no,Saugstufen,,no,no,no,Staubbeutel,,no,no,no,Staubsaugertyp,,no,no,no,,https://severin.sixa.ch/wp-content/uploads/2022/02/hauptbild.jpg|https://severin.sixa.ch/wp-content/uploads/2022/02/galerie-1.jpg|https://severin.sixa.ch/wp-content/uploads/2022/02/galerie-2.jpg|https://severin.sixa.ch/wp-content/uploads/2022/02/galerie-3.jpg|https://severin.sixa.ch/wp-content/uploads/2022/02/galerie-4.jpg|https://severin.sixa.ch/wp-content/uploads/2022/02/galerie-5.jpg,hauptbild|galerie-1|galerie-2|galerie-3|galerie-4|galerie-5,|||||,|||||,|||||,https://severin.sixa.ch/wp-content/uploads/2022/02/hauptbild.jpg,,Deutsch,pll_622a7fa416a9e,simple,visible,Unkategorisiert,,visible,publish,1,admin,ian.schaefer@sixa.ch,,,toaster-1000,,,0,0,open,closed,"2022-03-30 16:00:06",no,no,,no,,0.00,0.00,0.00,,,no,yes,,,,,-1,-1,,,no,taxable,standard,"165,168,171,174,175",,"a:2:{s:8:""pa_farbe"";a:6:{s:4:""name"";s:8:""pa_farbe"";s:5:""value"";s:0:"""";s:8:""position"";i:0;s:10:""is_visible"";i:1;s:12:""is_variation"";i:0;s:11:""is_taxonomy"";i:1;}s:10:""pa_gewicht"";a:6:{s:4:""name"";s:10:""pa_gewicht"";s:5:""value"";s:0:"""";s:8:""position"";i:1;s:10:""is_visible"";i:1;s:12:""is_variation"";i:0;s:11:""is_taxonomy"";i:1;}}",6.3.1,,,0,0,
47,"Toaster Upsell",,,"2022-03-10 22:28:21",product,https://severin.sixa.ch/de-de/produkt/toaster-upsell/,0,sku-toaster-upsell,10,10,,outofstock,0,,462,Akku,,no,no,no,"Anzahl Aufsätze",,no,no,no,"Bruttogewicht (inkl. Verp.)",,no,no,no,Farbe,Grün,no,yes,yes,Fassungsvermögen,,no,no,no,Filtereinsatz,,no,no,no,Geräuschentwicklung,,no,no,no,Gewicht,300,no,yes,yes,Ladezeit,,no,no,no,"Laufzeit / Leistung (Eco)",,no,no,no,"Masse des Produktes",,no,no,no,Saugleistung,,no,no,no,Saugstärke,,no,no,no,Saugstufen,,no,no,no,Staubbeutel,,no,no,no,Staubsaugertyp,,no,no,no,,,,,,,,,Deutsch,,simple,visible,Unkategorisiert,,visible,publish,1,admin,ian.schaefer@sixa.ch,,,toaster-upsell,,,0,0,open,closed,"2022-03-30 16:00:05",no,no,,no,,,,,,,no,yes,,,,,-1,-1,,,no,taxable,standard,,,"a:2:{s:8:""pa_farbe"";a:6:{s:4:""name"";s:8:""pa_farbe"";s:5:""value"";s:0:"""";s:8:""position"";i:0;s:10:""is_visible"";i:1;s:12:""is_variation"";i:0;s:11:""is_taxonomy"";i:1;}s:10:""pa_gewicht"";a:6:{s:4:""name"";s:10:""pa_gewicht"";s:5:""value"";s:0:"""";s:8:""position"";i:1;s:10:""is_visible"";i:1;s:12:""is_variation"";i:0;s:11:""is_taxonomy"";i:1;}}",6.3.1,,,0,0,
48,"Toaster Zubehör Crosselling",,,"2022-03-10 22:30:14",product,https://severin.sixa.ch/de-de/produkt/toaster-zubehoer-crosselling/,0,sku-toaster-crossselling,50,50,,outofstock,0,,626,Akku,,no,no,no,"Anzahl Aufsätze",,no,no,no,"Bruttogewicht (inkl. Verp.)",,no,no,no,Farbe,,no,no,no,Fassungsvermögen,,no,no,no,Filtereinsatz,,no,no,no,Geräuschentwicklung,,no,no,no,Gewicht,,no,no,no,Ladezeit,,no,no,no,"Laufzeit / Leistung (Eco)",,no,no,no,"Masse des Produktes",,no,no,no,Saugleistung,,no,no,no,Saugstärke,,no,no,no,Saugstufen,,no,no,no,Staubbeutel,,no,no,no,Staubsaugertyp,,no,no,no,,,,,,,,,Deutsch,,simple,visible,Unkategorisiert,,visible,publish,1,admin,ian.schaefer@sixa.ch,,,toaster-zubehoer-crosselling,,,0,0,open,closed,"2022-03-30 16:00:05",no,no,,no,,,,,,,no,yes,,,,,-1,-1,,,no,taxable,standard,,,,6.3.1,,,0,0,
152,"Toaster 1000","Dies ist die Kategoriebeschreibung für den Toaster 1000",,"2022-02-27 00:50:03",product,https://severin.sixa.ch/de-at/produkt/toaster-1000/,0,TS1000,101,101,,outofstock,0,,168,Akku,,no,no,no,"Anzahl Aufsätze",,no,no,no,"Bruttogewicht (inkl. Verp.)",,no,no,no,Farbe,Blau,no,yes,yes,Fassungsvermögen,,no,no,no,Filtereinsatz,,no,no,no,Geräuschentwicklung,,no,no,no,Gewicht,1000,no,yes,yes,Ladezeit,,no,no,no,"Laufzeit / Leistung (Eco)",,no,no,no,"Masse des Produktes",,no,no,no,Saugleistung,,no,no,no,Saugstärke,,no,no,no,Saugstufen,,no,no,no,Staubbeutel,,no,no,no,Staubsaugertyp,,no,no,no,,https://severin.sixa.ch/wp-content/uploads/2022/02/hauptbild.jpg|https://severin.sixa.ch/wp-content/uploads/2022/02/galerie-1.jpg|https://severin.sixa.ch/wp-content/uploads/2022/02/galerie-2.jpg|https://severin.sixa.ch/wp-content/uploads/2022/02/galerie-3.jpg|https://severin.sixa.ch/wp-content/uploads/2022/02/galerie-4.jpg|https://severin.sixa.ch/wp-content/uploads/2022/02/galerie-5.jpg,hauptbild|galerie-1|galerie-2|galerie-3|galerie-4|galerie-5,|||||,|||||,|||||,https://severin.sixa.ch/wp-content/uploads/2022/02/hauptbild.jpg,,Deutsch,pll_622a7fa416a9e,simple,visible,Uncategorized,,visible,publish,1,admin,ian.schaefer@sixa.ch,,,toaster-1000,,,0,0,open,closed,"2022-03-30 16:00:06",no,no,,no,,0.00,0.00,0.00,,,no,yes,,,,,-1,-1,,,no,taxable,standard,"190,193,196,199,202",,"a:2:{s:8:""pa_farbe"";a:6:{s:4:""name"";s:8:""pa_farbe"";s:5:""value"";s:0:"""";s:8:""position"";i:0;s:10:""is_visible"";i:1;s:12:""is_variation"";i:0;s:11:""is_taxonomy"";i:1;}s:10:""pa_gewicht"";a:6:{s:4:""name"";s:10:""pa_gewicht"";s:5:""value"";s:0:"""";s:8:""position"";i:1;s:10:""is_visible"";i:1;s:12:""is_variation"";i:0;s:11:""is_taxonomy"";i:1;}}",6.3.1,,,0,0,
155,"Toaster 1000","Dies ist die Kategoriebeschreibung für den Toaster 1000",,"2022-02-27 00:50:03",product,https://severin.sixa.ch/fr/produkt/toaster-1000/,0,TS1000,101,101,,outofstock,0,,160,Akku,,no,no,no,"Anzahl Aufsätze",,no,no,no,"Bruttogewicht (inkl. Verp.)",,no,no,no,Farbe,Blau,no,yes,yes,Fassungsvermögen,,no,no,no,Filtereinsatz,,no,no,no,Geräuschentwicklung,,no,no,no,Gewicht,1000,no,yes,yes,Ladezeit,,no,no,no,"Laufzeit / Leistung (Eco)",,no,no,no,"Masse des Produktes",,no,no,no,Saugleistung,,no,no,no,Saugstärke,,no,no,no,Saugstufen,,no,no,no,Staubbeutel,,no,no,no,Staubsaugertyp,,no,no,no,,https://severin.sixa.ch/wp-content/uploads/2022/02/hauptbild.jpg|https://severin.sixa.ch/wp-content/uploads/2022/02/galerie-1.jpg|https://severin.sixa.ch/wp-content/uploads/2022/02/galerie-2.jpg|https://severin.sixa.ch/wp-content/uploads/2022/02/galerie-3.jpg|https://severin.sixa.ch/wp-content/uploads/2022/02/galerie-4.jpg|https://severin.sixa.ch/wp-content/uploads/2022/02/galerie-5.jpg,hauptbild|galerie-1|galerie-2|galerie-3|galerie-4|galerie-5,|||||,|||||,|||||,https://severin.sixa.ch/wp-content/uploads/2022/02/hauptbild.jpg,,Français,pll_622a7fa416a9e,simple,visible,Uncategorized,,visible,publish,1,admin,ian.schaefer@sixa.ch,,,toaster-1000,,,0,0,open,closed,"2022-03-30 16:00:06",no,no,,no,,0.00,0.00,0.00,,,no,yes,,,,,-1,-1,,,no,taxable,standard,"205,208,211,214,217",,"a:2:{s:8:""pa_farbe"";a:6:{s:4:""name"";s:8:""pa_farbe"";s:5:""value"";s:0:"""";s:8:""position"";i:0;s:10:""is_visible"";i:1;s:12:""is_variation"";i:0;s:11:""is_taxonomy"";i:1;}s:10:""pa_gewicht"";a:6:{s:4:""name"";s:10:""pa_gewicht"";s:5:""value"";s:0:"""";s:8:""position"";i:1;s:10:""is_visible"";i:1;s:12:""is_variation"";i:0;s:11:""is_taxonomy"";i:1;}}",6.3.1,,,0,0,
158,"Toaster 1000","Dies ist die Kategoriebeschreibung für den Toaster 1000",,"2022-02-27 00:50:03",product,https://severin.sixa.ch/it/produkt/toaster-1000/,0,TS1000,101,101,,outofstock,0,,172,Akku,,no,no,no,"Anzahl Aufsätze",,no,no,no,"Bruttogewicht (inkl. Verp.)",,no,no,no,Farbe,Blau,no,yes,yes,Fassungsvermögen,,no,no,no,Filtereinsatz,,no,no,no,Geräuschentwicklung,,no,no,no,Gewicht,1000,no,yes,yes,Ladezeit,,no,no,no,"Laufzeit / Leistung (Eco)",,no,no,no,"Masse des Produktes",,no,no,no,Saugleistung,,no,no,no,Saugstärke,,no,no,no,Saugstufen,,no,no,no,Staubbeutel,,no,no,no,Staubsaugertyp,,no,no,no,,https://severin.sixa.ch/wp-content/uploads/2022/02/hauptbild.jpg|https://severin.sixa.ch/wp-content/uploads/2022/02/galerie-1.jpg|https://severin.sixa.ch/wp-content/uploads/2022/02/galerie-2.jpg|https://severin.sixa.ch/wp-content/uploads/2022/02/galerie-3.jpg|https://severin.sixa.ch/wp-content/uploads/2022/02/galerie-4.jpg|https://severin.sixa.ch/wp-content/uploads/2022/02/galerie-5.jpg,hauptbild|galerie-1|galerie-2|galerie-3|galerie-4|galerie-5,|||||,|||||,|||||,https://severin.sixa.ch/wp-content/uploads/2022/02/hauptbild.jpg,,Italiano,pll_622a7fa416a9e,simple,visible,Uncategorized,,visible,publish,1,admin,ian.schaefer@sixa.ch,,,toaster-1000,,,0,0,open,closed,"2022-03-30 16:00:06",no,no,,no,,0.00,0.00,0.00,,,no,yes,,,,,-1,-1,,,no,taxable,standard,"220,223,226,229,232",,"a:2:{s:8:""pa_farbe"";a:6:{s:4:""name"";s:8:""pa_farbe"";s:5:""value"";s:0:"""";s:8:""position"";i:0;s:10:""is_visible"";i:1;s:12:""is_variation"";i:0;s:11:""is_taxonomy"";i:1;}s:10:""pa_gewicht"";a:6:{s:4:""name"";s:10:""pa_gewicht"";s:5:""value"";s:0:"""";s:8:""position"";i:1;s:10:""is_visible"";i:1;s:12:""is_variation"";i:0;s:11:""is_taxonomy"";i:1;}}",6.3.1,,,0,0,
161,"Toaster 1000","Dies ist die Kategoriebeschreibung für den Toaster 1000",,"2022-02-27 00:50:03",product,https://severin.sixa.ch/de-ch/produkt/toaster-1000/,0,TS1000,101,101,,outofstock,0,,178,Akku,,no,no,no,"Anzahl Aufsätze",,no,no,no,"Bruttogewicht (inkl. Verp.)",,no,no,no,Farbe,Blau,no,yes,yes,Fassungsvermögen,,no,no,no,Filtereinsatz,,no,no,no,Geräuschentwicklung,,no,no,no,Gewicht,1000,no,yes,yes,Ladezeit,,no,no,no,"Laufzeit / Leistung (Eco)",,no,no,no,"Masse des Produktes",,no,no,no,Saugleistung,,no,no,no,Saugstärke,,no,no,no,Saugstufen,,no,no,no,Staubbeutel,,no,no,no,Staubsaugertyp,,no,no,no,,https://severin.sixa.ch/wp-content/uploads/2022/02/hauptbild.jpg|https://severin.sixa.ch/wp-content/uploads/2022/02/galerie-1.jpg|https://severin.sixa.ch/wp-content/uploads/2022/02/galerie-2.jpg|https://severin.sixa.ch/wp-content/uploads/2022/02/galerie-3.jpg|https://severin.sixa.ch/wp-content/uploads/2022/02/galerie-4.jpg|https://severin.sixa.ch/wp-content/uploads/2022/02/galerie-5.jpg,hauptbild|galerie-1|galerie-2|galerie-3|galerie-4|galerie-5,|||||,|||||,|||||,https://severin.sixa.ch/wp-content/uploads/2022/02/hauptbild.jpg,,Deutsch,pll_622a7fa416a9e,simple,visible,Uncategorized,,visible,publish,1,admin,ian.schaefer@sixa.ch,,,toaster-1000,,,0,0,open,closed,"2022-03-30 16:00:05",no,no,,no,,0.00,0.00,0.00,,,no,yes,,,,,-1,-1,,,no,taxable,standard,"235,238,241,244,247",,"a:2:{s:8:""pa_farbe"";a:6:{s:4:""name"";s:8:""pa_farbe"";s:5:""value"";s:0:"""";s:8:""position"";i:0;s:10:""is_visible"";i:1;s:12:""is_variation"";i:0;s:11:""is_taxonomy"";i:1;}s:10:""pa_gewicht"";a:6:{s:4:""name"";s:10:""pa_gewicht"";s:5:""value"";s:0:"""";s:8:""position"";i:1;s:10:""is_visible"";i:1;s:12:""is_variation"";i:0;s:11:""is_taxonomy"";i:1;}}",6.3.1,,,0,0,
249,"HV 7166 Kabelloser 2-in-1 Hand- und Stielsauger - Weiss-Rot",,"Der HV 7166 ist deal also für die schnelle und gründliche Reinigung. Mit einer Akkulaufzeit von bis zu 60 Minuten ermöglicht er eine Reinigung ohne Ladepause – und das in drei verschiedenen Modi. Die High-Speed-Elektrobürste sorgt mit dem Digitalmotor für ideale Ergebnisse – auch bei Tierhaaren oder stärkeren Verschmutzungen. Per Knopfdruck machst du deinen HV 7166 zum Handstaubsauger. Verschiedene Aufsätze sorgen für diverse Einsatzgebiete.","2022-03-11 15:22:40",product,https://severin.sixa.ch/de-de/produkt/hv-7166-kabelloser-2-in-1-hand-und-stielsauger-weiss-rot/,0,7166000,269,269,,instock,4,,450,Akku,"Li-Ion: 25.9V 2.500 mAh",no,yes,yes,"Anzahl Aufsätze",3,no,yes,yes,"Bruttogewicht (inkl. Verp.)","4.82 kg",no,yes,yes,Farbe,Weiss-Rot,no,yes,yes,Fassungsvermögen,"0.5 Liter",no,yes,yes,Filtereinsatz,E-12,no,yes,yes,Geräuschentwicklung,"75 dB",no,yes,yes,Gewicht,,no,no,no,Ladezeit,"3 h",no,yes,yes,"Laufzeit / Leistung (Eco)","60 Minuten",no,yes,yes,"Masse des Produktes","77,8 x 29,2 x 13,8 cm",no,yes,yes,Saugleistung,"400 Watt",no,yes,yes,Saugstärke,"23 kPa",no,yes,yes,Saugstufen,3,no,yes,yes,Staubbeutel,Nein,no,yes,yes,Staubsaugertyp,"Kabelloser Staubsauger",no,yes,yes,,https://severin.sixa.ch/wp-content/uploads/2022/03/severin-hv-7166-kabelloser-2-in-1-hand-und-stielsauger-schwarz-granatrot-frontal.png|https://severin.sixa.ch/wp-content/uploads/2022/03/severin-hv-7168-kabelloser-2-in-1-hand-und-stielsauger-schwarz-granatrot-elektrobuerste.png|https://severin.sixa.ch/wp-content/uploads/2022/03/severin-hv-7166-kabelloser-2-in-1-hand-und-stielsauger-schwarz-granatrot-zuehoer.png|https://severin.sixa.ch/wp-content/uploads/2022/03/severin-hv-7166-kabelloser-2-in-1-hand-und-stielsauger-schwarz-granatrot-wandhalterung.png|https://severin.sixa.ch/wp-content/uploads/2022/03/severin-hv-7166-kabelloser-2-in-1-hand-und-stielsauger-schwarz-granatrot-mood.png|https://severin.sixa.ch/wp-content/uploads/2022/03/severin-hv-7166-kabelloser-2-in-1-hand-und-stielsauger-schwarz-granatrot-entleerung.png,severin-hv-7166-kabelloser-2-in-1-hand-und-stielsauger-schwarz-granatrot-frontal|severin-hv-7168-kabelloser-2-in-1-hand-und-stielsauger-schwarz-granatrot-elektrobuerste|severin-hv-7166-kabelloser-2-in-1-hand-und-stielsauger-schwarz-granatrot-zuehoer|severin-hv-7166-kabelloser-2-in-1-hand-und-stielsauger-schwarz-granatrot-wandhalterung|severin-hv-7166-kabelloser-2-in-1-hand-und-stielsauger-schwarz-granatrot-mood|severin-hv-7166-kabelloser-2-in-1-hand-und-stielsauger-schwarz-granatrot-entleerung,|||||,|||||,|||||,https://severin.sixa.ch/wp-content/uploads/2022/03/severin-hv-7166-kabelloser-2-in-1-hand-und-stielsauger-schwarz-granatrot-frontal.png,,Deutsch,,simple,visible,Haushalt>Staubsauger>Akkustaubsauger,,visible,publish,1,admin,ian.schaefer@sixa.ch,,,hv-7166-kabelloser-2-in-1-hand-und-stielsauger-weiss-rot,,,0,0,open,closed,"2022-03-30 16:00:05",no,no,,no,,,,,,,no,yes,7225000,,,,-1,-1,,,no,taxable,standard,"5753,5752,5750,5747,5744",,"a:15:{s:17:""pa_staubsaugertyp"";a:6:{s:4:""name"";s:17:""pa_staubsaugertyp"";s:5:""value"";s:0:"""";s:8:""position"";i:0;s:10:""is_visible"";i:1;s:12:""is_variation"";i:0;s:11:""is_taxonomy"";i:1;}s:8:""pa_farbe"";a:6:{s:4:""name"";s:8:""pa_farbe"";s:5:""value"";s:0:"""";s:8:""position"";i:1;s:10:""is_visible"";i:1;s:12:""is_variation"";i:0;s:11:""is_taxonomy"";i:1;}s:7:""pa_akku"";a:6:{s:4:""name"";s:7:""pa_akku"";s:5:""value"";s:0:"""";s:8:""position"";i:2;s:10:""is_visible"";i:1;s:12:""is_variation"";i:0;s:11:""is_taxonomy"";i:1;}s:13:""pa_saugstufen"";a:6:{s:4:""name"";s:13:""pa_saugstufen"";s:5:""value"";s:0:"""";s:8:""position"";i:3;s:10:""is_visible"";i:1;s:12:""is_variation"";i:0;s:11:""is_taxonomy"";i:1;}s:19:""pa_anzahl-aufsaetze"";a:6:{s:4:""name"";s:19:""pa_anzahl-aufsaetze"";s:5:""value"";s:0:"""";s:8:""position"";i:4;s:10:""is_visible"";i:1;s:12:""is_variation"";i:0;s:11:""is_taxonomy"";i:1;}s:23:""pa_geraeuschentwicklung"";a:6:{s:4:""name"";s:23:""pa_geraeuschentwicklung"";s:5:""value"";s:0:"""";s:8:""position"";i:5;s:10:""is_visible"";i:1;s:12:""is_variation"";i:0;s:11:""is_taxonomy"";i:1;}s:20:""pa_fassungsvermoegen"";a:6:{s:4:""name"";s:20:""pa_fassungsvermoegen"";s:5:""value"";s:0:"""";s:8:""position"";i:6;s:10:""is_visible"";i:1;s:12:""is_variation"";i:0;s:11:""is_taxonomy"";i:1;}s:16:""pa_filtereinsatz"";a:6:{s:4:""name"";s:16:""pa_filtereinsatz"";s:5:""value"";s:0:"""";s:8:""position"";i:7;s:10:""is_visible"";i:1;s:12:""is_variation"";i:0;s:11:""is_taxonomy"";i:1;}s:14:""pa_staubbeutel"";a:6:{s:4:""name"";s:14:""pa_staubbeutel"";s:5:""value"";s:0:"""";s:8:""position"";i:8;s:10:""is_visible"";i:1;s:12:""is_variation"";i:0;s:11:""is_taxonomy"";i:1;}s:24:""pa_laufzeit-leistung-eco"";a:6:{s:4:""name"";s:24:""pa_laufzeit-leistung-eco"";s:5:""value"";s:0:"""";s:8:""position"";i:9;s:10:""is_visible"";i:1;s:12:""is_variation"";i:0;s:11:""is_taxonomy"";i:1;}s:11:""pa_ladezeit"";a:6:{s:4:""name"";s:11:""pa_ladezeit"";s:5:""value"";s:0:"""";s:8:""position"";i:10;s:10:""is_visible"";i:1;s:12:""is_variation"";i:0;s:11:""is_taxonomy"";i:1;}s:15:""pa_saugleistung"";a:6:{s:4:""name"";s:15:""pa_saugleistung"";s:5:""value"";s:0:"""";s:8:""position"";i:11;s:10:""is_visible"";i:1;s:12:""is_variation"";i:0;s:11:""is_taxonomy"";i:1;}s:14:""pa_saugstaerke"";a:6:{s:4:""name"";s:14:""pa_saugstaerke"";s:5:""value"";s:0:"""";s:8:""position"";i:12;s:10:""is_visible"";i:1;s:12:""is_variation"";i:0;s:11:""is_taxonomy"";i:1;}s:22:""pa_masse-des-produktes"";a:6:{s:4:""name"";s:22:""pa_masse-des-produktes"";s:5:""value"";s:0:"""";s:8:""position"";i:13;s:10:""is_visible"";i:1;s:12:""is_variation"";i:0;s:11:""is_taxonomy"";i:1;}s:26:""pa_bruttogewicht-inkl-verp"";a:6:{s:4:""name"";s:26:""pa_bruttogewicht-inkl-verp"";s:5:""value"";s:0:"""";s:8:""position"";i:14;s:10:""is_visible"";i:1;s:12:""is_variation"";i:0;s:11:""is_taxonomy"";i:1;}}",6.3.1,,,0,0,
250,"HV 7185 - SEPURO - Akku Hand- und Stielsauger mit Staubbeutel",,"Absolut hygienische Reinheit im ganzen Haus dank dem SEPURO mit innovativer Staubbeutel-Technologie. Durch das innovatives Quick Charge System ist der Akku unter einer Stunde wieder voll aufgeladen und hält anschliessend bis zu 60 Minuten. Der SEPURO ist ein absolutes Leichtgewicht und sorgt für einen hohen Komfort im Alltag. Mit dem HEPA13 Filter werden 99.89% der Allergene gefiltert und ist somit auch für Allergiker geeignet.","2022-03-11 16:05:30",product,https://severin.sixa.ch/de-de/produkt/hv-7185-sepuro-akku-hand-und-stielsauger-mit-staubbeutel/,0,7185000,279,279,,instock,10,,454,Akku,"Li-Ion: 18V 3.000 mAh",no,yes,yes,"Anzahl Aufsätze",3,no,yes,yes,"Bruttogewicht (inkl. Verp.)","6.84 kg",no,yes,yes,Farbe,Anthrazit,no,yes,yes,Fassungsvermögen,"1 Liter",no,yes,yes,Filtereinsatz,"HEPA 13",no,yes,yes,Geräuschentwicklung,"79 dB",no,yes,yes,Gewicht,,no,no,no,Ladezeit,"&lt; 1 h",no,yes,yes,"Laufzeit / Leistung (Eco)","60 Minuten",no,yes,yes,"Masse des Produktes","112 x 12 x 22 cm",no,yes,yes,Saugleistung,"280 Watt",no,yes,yes,Saugstärke,"20 kPa",no,yes,yes,Saugstufen,3,no,yes,yes,Staubbeutel,Ja,no,yes,yes,Staubsaugertyp,"Kabelloser Staubsauger",no,yes,yes,,https://severin.sixa.ch/wp-content/uploads/2022/03/severin-hv-7185-sepuro-akku-hand-und-stielsauger-mit-staubbeutel_frontal.png|https://severin.sixa.ch/wp-content/uploads/2022/03/severin-hv-7185-sepuro-akku-hand-und-stielsauger-mit-staubbeutel_staubbeutel.png|https://severin.sixa.ch/wp-content/uploads/2022/03/severin-hv-7185-sepuro-akku-hand-und-stielsauger-mit-staubbeutel_filter.png|https://severin.sixa.ch/wp-content/uploads/2022/03/severin-hv-7185-sepuro-akku-hand-und-stielsauger-mit-staubbeutel_seite.png|https://severin.sixa.ch/wp-content/uploads/2022/03/severin-hv-7185-sepuro-akku-hand-und-stielsauger-mit-staubbeutel_handstaubsauger.png,severin-hv-7185-sepuro-akku-hand-und-stielsauger-mit-staubbeutel_frontal|severin-hv-7185-sepuro-akku-hand-und-stielsauger-mit-staubbeutel_staubbeutel|severin-hv-7185-sepuro-akku-hand-und-stielsauger-mit-staubbeutel_filter|severin-hv-7185-sepuro-akku-hand-und-stielsauger-mit-staubbeutel_seite|severin-hv-7185-sepuro-akku-hand-und-stielsauger-mit-staubbeutel_handstaubsauger,||||,||||,||||,https://severin.sixa.ch/wp-content/uploads/2022/03/severin-hv-7185-sepuro-akku-hand-und-stielsauger-mit-staubbeutel_frontal.png,,Deutsch,,simple,visible,Haushalt>Staubsauger>Akkustaubsauger,,visible,publish,1,admin,ian.schaefer@sixa.ch,,,hv-7185-sepuro-akku-hand-und-stielsauger-mit-staubbeutel,,,0,0,open,closed,"2022-03-30 16:00:05",no,no,,no,,,,,,,no,yes,7187000,,,,-1,-1,,,no,taxable,standard,"6367,6365,6362,6359",,"a:15:{s:17:""pa_staubsaugertyp"";a:6:{s:4:""name"";s:17:""pa_staubsaugertyp"";s:5:""value"";s:0:"""";s:8:""position"";i:0;s:10:""is_visible"";i:1;s:12:""is_variation"";i:0;s:11:""is_taxonomy"";i:1;}s:8:""pa_farbe"";a:6:{s:4:""name"";s:8:""pa_farbe"";s:5:""value"";s:0:"""";s:8:""position"";i:1;s:10:""is_visible"";i:1;s:12:""is_variation"";i:0;s:11:""is_taxonomy"";i:1;}s:7:""pa_akku"";a:6:{s:4:""name"";s:7:""pa_akku"";s:5:""value"";s:0:"""";s:8:""position"";i:2;s:10:""is_visible"";i:1;s:12:""is_variation"";i:0;s:11:""is_taxonomy"";i:1;}s:13:""pa_saugstufen"";a:6:{s:4:""name"";s:13:""pa_saugstufen"";s:5:""value"";s:0:"""";s:8:""position"";i:3;s:10:""is_visible"";i:1;s:12:""is_variation"";i:0;s:11:""is_taxonomy"";i:1;}s:19:""pa_anzahl-aufsaetze"";a:6:{s:4:""name"";s:19:""pa_anzahl-aufsaetze"";s:5:""value"";s:0:"""";s:8:""position"";i:4;s:10:""is_visible"";i:1;s:12:""is_variation"";i:0;s:11:""is_taxonomy"";i:1;}s:20:""pa_fassungsvermoegen"";a:6:{s:4:""name"";s:20:""pa_fassungsvermoegen"";s:5:""value"";s:0:"""";s:8:""position"";i:5;s:10:""is_visible"";i:1;s:12:""is_variation"";i:0;s:11:""is_taxonomy"";i:1;}s:16:""pa_filtereinsatz"";a:6:{s:4:""name"";s:16:""pa_filtereinsatz"";s:5:""value"";s:0:"""";s:8:""position"";i:6;s:10:""is_visible"";i:1;s:12:""is_variation"";i:0;s:11:""is_taxonomy"";i:1;}s:23:""pa_geraeuschentwicklung"";a:6:{s:4:""name"";s:23:""pa_geraeuschentwicklung"";s:5:""value"";s:0:"""";s:8:""position"";i:7;s:10:""is_visible"";i:1;s:12:""is_variation"";i:0;s:11:""is_taxonomy"";i:1;}s:14:""pa_staubbeutel"";a:6:{s:4:""name"";s:14:""pa_staubbeutel"";s:5:""value"";s:0:"""";s:8:""position"";i:8;s:10:""is_visible"";i:1;s:12:""is_variation"";i:0;s:11:""is_taxonomy"";i:1;}s:24:""pa_laufzeit-leistung-eco"";a:6:{s:4:""name"";s:24:""pa_laufzeit-leistung-eco"";s:5:""value"";s:0:"""";s:8:""position"";i:9;s:10:""is_visible"";i:1;s:12:""is_variation"";i:0;s:11:""is_taxonomy"";i:1;}s:11:""pa_ladezeit"";a:6:{s:4:""name"";s:11:""pa_ladezeit"";s:5:""value"";s:0:"""";s:8:""position"";i:10;s:10:""is_visible"";i:1;s:12:""is_variation"";i:0;s:11:""is_taxonomy"";i:1;}s:15:""pa_saugleistung"";a:6:{s:4:""name"";s:15:""pa_saugleistung"";s:5:""value"";s:0:"""";s:8:""position"";i:11;s:10:""is_visible"";i:1;s:12:""is_variation"";i:0;s:11:""is_taxonomy"";i:1;}s:14:""pa_saugstaerke"";a:6:{s:4:""name"";s:14:""pa_saugstaerke"";s:5:""value"";s:0:"""";s:8:""position"";i:12;s:10:""is_visible"";i:1;s:12:""is_variation"";i:0;s:11:""is_taxonomy"";i:1;}s:22:""pa_masse-des-produktes"";a:6:{s:4:""name"";s:22:""pa_masse-des-produktes"";s:5:""value"";s:0:"""";s:8:""position"";i:13;s:10:""is_visible"";i:1;s:12:""is_variation"";i:0;s:11:""is_taxonomy"";i:1;}s:26:""pa_bruttogewicht-inkl-verp"";a:6:{s:4:""name"";s:26:""pa_bruttogewicht-inkl-verp"";s:5:""value"";s:0:"""";s:8:""position"";i:14;s:10:""is_visible"";i:1;s:12:""is_variation"";i:0;s:11:""is_taxonomy"";i:1;}}",6.3.1,,,0,0,
253,"HV 7187 - SEPURO Pro - Akku Hand- und Stielsauger mit Staubbeutel",,"Absolut hygienische Reinheit im ganzen Haus dank dem SEPURO Pro mit innovativer Staubbeutel-Technologie. Der HV 7187 zeichnet sich durch eine noch stärkere Saugleistung aus als der SEPURO und verfügt über eine zusätzliche Turbo-Stufe für maximale Saugleistung und absolute Sauberkeit im ganzen Haus. Durch das innovatives Quick Charge System ist der Akku unter einer Stunde wieder voll aufgeladen und hält anschliessend bis zu 60 Minuten. Mit dem HEPA13 Filter werden 99.98% der Allergene gefiltert und ist somit auch für Allergiker geeignet.","2022-03-11 16:06:40",product,https://severin.sixa.ch/de-de/produkt/hv-7187-sepuro-akku-hand-und-stielsauger-mit-staubbeutel/,0,7187000,200,349,200,instock,10,,469,Akku,"Li-Ion: 18V 3.000 mAh",no,yes,yes,"Anzahl Aufsätze",4,no,yes,yes,"Bruttogewicht (inkl. Verp.)","6.84 kg",no,yes,yes,Farbe,Schwarz-Matt,no,yes,yes,Fassungsvermögen,"1 Liter",no,yes,yes,Filtereinsatz,"HEPA 13",no,yes,yes,Geräuschentwicklung,"79 dB",no,yes,yes,Gewicht,,no,no,no,Ladezeit,"&lt; 1 h",no,yes,yes,"Laufzeit / Leistung (Eco)","60 Minuten",no,yes,yes,"Masse des Produktes","112 x 12 x 22 cm",no,yes,yes,Saugleistung,"450 Watt",no,yes,yes,Saugstärke,"24 kPa",no,yes,yes,Saugstufen,4,no,yes,yes,Staubbeutel,Ja,no,yes,yes,Staubsaugertyp,"Kabelloser Staubsauger",no,yes,yes,,https://severin.sixa.ch/wp-content/uploads/2022/03/severin-hv-7187-sepuro-pro-akku-hand-und-stielsauger-mit-staubbeutel_frontal.png|https://severin.sixa.ch/wp-content/uploads/2022/03/severin-hv-7187-sepuro-pro-akku-hand-und-stielsauger-mit-staubbeutel_wandhalterung.png|https://severin.sixa.ch/wp-content/uploads/2022/03/severin-hv-7187-sepuro-pro-akku-hand-und-stielsauger-mit-staubbeutel_bodenduese.png|https://severin.sixa.ch/wp-content/uploads/2022/03/severin-hv-7187-sepuro-pro-akku-hand-und-stielsauger-mit-staubbeutel_akku.png|https://severin.sixa.ch/wp-content/uploads/2022/03/severin-hv-7187-sepuro-pro-akku-hand-und-stielsauger-mit-staubbeutel_zubehoer.png|https://severin.sixa.ch/wp-content/uploads/2022/03/severin-hv-7187-sepuro-pro-akku-hand-und-stielsauger-mit-staubbeutel_staubbeutel.png,severin-hv-7187-sepuro-pro-akku-hand-und-stielsauger-mit-staubbeutel_frontal|severin-hv-7187-sepuro-pro-akku-hand-und-stielsauger-mit-staubbeutel_wandhalterung|severin-hv-7187-sepuro-pro-akku-hand-und-stielsauger-mit-staubbeutel_bodenduese|severin-hv-7187-sepuro-pro-akku-hand-und-stielsauger-mit-staubbeutel_akku|severin-hv-7187-sepuro-pro-akku-hand-und-stielsauger-mit-staubbeutel_zubehoer|severin-hv-7187-sepuro-pro-akku-hand-und-stielsauger-mit-staubbeutel_staubbeutel,|||||,|||||,|||||,https://severin.sixa.ch/wp-content/uploads/2022/03/severin-hv-7187-sepuro-pro-akku-hand-und-stielsauger-mit-staubbeutel_frontal.png,,Deutsch,,simple,visible,Haushalt>Staubsauger>Akkustaubsauger,,visible,publish,1,admin,ian.schaefer@sixa.ch,,,hv-7187-sepuro-akku-hand-und-stielsauger-mit-staubbeutel,,,0,0,open,closed,"2022-03-30 16:00:05",no,no,,no,,,,,"2022-03-22 23:00:00","2022-03-31 21:59:59",no,yes,,,,,-1,-1,,,no,taxable,standard,"6378,6376,6374,6373,6371",,"a:15:{s:17:""pa_staubsaugertyp"";a:6:{s:4:""name"";s:17:""pa_staubsaugertyp"";s:5:""value"";s:0:"""";s:8:""position"";i:0;s:10:""is_visible"";i:1;s:12:""is_variation"";i:0;s:11:""is_taxonomy"";i:1;}s:8:""pa_farbe"";a:6:{s:4:""name"";s:8:""pa_farbe"";s:5:""value"";s:0:"""";s:8:""position"";i:1;s:10:""is_visible"";i:1;s:12:""is_variation"";i:0;s:11:""is_taxonomy"";i:1;}s:7:""pa_akku"";a:6:{s:4:""name"";s:7:""pa_akku"";s:5:""value"";s:0:"""";s:8:""position"";i:2;s:10:""is_visible"";i:1;s:12:""is_variation"";i:0;s:11:""is_taxonomy"";i:1;}s:13:""pa_saugstufen"";a:6:{s:4:""name"";s:13:""pa_saugstufen"";s:5:""value"";s:0:"""";s:8:""position"";i:3;s:10:""is_visible"";i:1;s:12:""is_variation"";i:0;s:11:""is_taxonomy"";i:1;}s:19:""pa_anzahl-aufsaetze"";a:6:{s:4:""name"";s:19:""pa_anzahl-aufsaetze"";s:5:""value"";s:0:"""";s:8:""position"";i:4;s:10:""is_visible"";i:1;s:12:""is_variation"";i:0;s:11:""is_taxonomy"";i:1;}s:23:""pa_geraeuschentwicklung"";a:6:{s:4:""name"";s:23:""pa_geraeuschentwicklung"";s:5:""value"";s:0:"""";s:8:""position"";i:5;s:10:""is_visible"";i:1;s:12:""is_variation"";i:0;s:11:""is_taxonomy"";i:1;}s:20:""pa_fassungsvermoegen"";a:6:{s:4:""name"";s:20:""pa_fassungsvermoegen"";s:5:""value"";s:0:"""";s:8:""position"";i:6;s:10:""is_visible"";i:1;s:12:""is_variation"";i:0;s:11:""is_taxonomy"";i:1;}s:16:""pa_filtereinsatz"";a:6:{s:4:""name"";s:16:""pa_filtereinsatz"";s:5:""value"";s:0:"""";s:8:""position"";i:7;s:10:""is_visible"";i:1;s:12:""is_variation"";i:0;s:11:""is_taxonomy"";i:1;}s:14:""pa_staubbeutel"";a:6:{s:4:""name"";s:14:""pa_staubbeutel"";s:5:""value"";s:0:"""";s:8:""position"";i:8;s:10:""is_visible"";i:1;s:12:""is_variation"";i:0;s:11:""is_taxonomy"";i:1;}s:24:""pa_laufzeit-leistung-eco"";a:6:{s:4:""name"";s:24:""pa_laufzeit-leistung-eco"";s:5:""value"";s:0:"""";s:8:""position"";i:9;s:10:""is_visible"";i:1;s:12:""is_variation"";i:0;s:11:""is_taxonomy"";i:1;}s:11:""pa_ladezeit"";a:6:{s:4:""name"";s:11:""pa_ladezeit"";s:5:""value"";s:0:"""";s:8:""position"";i:10;s:10:""is_visible"";i:1;s:12:""is_variation"";i:0;s:11:""is_taxonomy"";i:1;}s:15:""pa_saugleistung"";a:6:{s:4:""name"";s:15:""pa_saugleistung"";s:5:""value"";s:0:"""";s:8:""position"";i:11;s:10:""is_visible"";i:1;s:12:""is_variation"";i:0;s:11:""is_taxonomy"";i:1;}s:14:""pa_saugstaerke"";a:6:{s:4:""name"";s:14:""pa_saugstaerke"";s:5:""value"";s:0:"""";s:8:""position"";i:12;s:10:""is_visible"";i:1;s:12:""is_variation"";i:0;s:11:""is_taxonomy"";i:1;}s:22:""pa_masse-des-produktes"";a:6:{s:4:""name"";s:22:""pa_masse-des-produktes"";s:5:""value"";s:0:"""";s:8:""position"";i:13;s:10:""is_visible"";i:1;s:12:""is_variation"";i:0;s:11:""is_taxonomy"";i:1;}s:26:""pa_bruttogewicht-inkl-verp"";a:6:{s:4:""name"";s:26:""pa_bruttogewicht-inkl-verp"";s:5:""value"";s:0:"""";s:8:""position"";i:14;s:10:""is_visible"";i:1;s:12:""is_variation"";i:0;s:11:""is_taxonomy"";i:1;}}",6.3.1,,,0,0,
256,"ZB 7225 1x E12 Abluftfilter & 1x Motorschutzfilter","Das 2-teilige Filterset besteht aus einem E12 Abluftfilter  und einem Motorschutzfilter. Der Motorfilter schützt den Akkustaubsauger HV 7166 langfristig und sorgt für eine längere Lebensdauer des Staubsaugers. Er verhindert Beschädigungen des Motors durch feinen Staub. Der Abluftfilter sorgt für eine Filtration von 99,5% aller Allergene und Feinstaubpartikel.",,"2022-03-11 16:16:21",product,https://severin.sixa.ch/de-de/produkt/zb-7225-1x-e12-abluftfilter-1x-motorschutzfiltergeeignet-fuer-severin-hv-7166-2-teiliges-filterset-1x-e12-abluftfilter-1x-motorschutzfilter-schuetzt-das-geraet-langfristig-der-motorfilter-sorgt-fu/,0,7225000,24.99,24.99,,outofstock,0,,448,Akku,,no,no,no,"Anzahl Aufsätze",,no,no,no,"Bruttogewicht (inkl. Verp.)",,no,no,no,Farbe,,no,no,no,Fassungsvermögen,,no,no,no,Filtereinsatz,,no,no,no,Geräuschentwicklung,,no,no,no,Gewicht,,no,no,no,Ladezeit,,no,no,no,"Laufzeit / Leistung (Eco)",,no,no,no,"Masse des Produktes",,no,no,no,Saugleistung,,no,no,no,Saugstärke,,no,no,no,Saugstufen,,no,no,no,Staubbeutel,,no,no,no,Staubsaugertyp,,no,no,no,,https://severin.sixa.ch/wp-content/uploads/2022/03/severin-zb-7225-1x-e12-abluftfilter-1x-motorschutzfilter.png,severin-zb-7225-1x-e12-abluftfilter-&-1x-motorschutzfilter,,,,https://severin.sixa.ch/wp-content/uploads/2022/03/severin-zb-7225-1x-e12-abluftfilter-1x-motorschutzfilter.png,,Deutsch,,simple,visible,Unkategorisiert,,visible,publish,1,admin,ian.schaefer@sixa.ch,,,zb-7225-1x-e12-abluftfilter-1x-motorschutzfiltergeeignet-fuer-severin-hv-7166-2-teiliges-filterset-1x-e12-abluftfilter-1x-motorschutzfilter-schuetzt-das-geraet-langfristig-der-motorfilter-sorgt-fu,,,0,0,open,closed,"2022-03-30 16:00:05",no,no,,no,,,,,,,no,yes,,,,,-1,-1,,,no,taxable,standard,,,,6.3.1,,,0,0,
326,"Toaster Bundle",,,"2022-03-13 10:02:11",product,https://severin.sixa.ch/de-de/produkt/toaster-bundle/,0,,120,120,,instock,,,158,Akku,,no,no,no,"Anzahl Aufsätze",,no,no,no,"Bruttogewicht (inkl. Verp.)",,no,no,no,Farbe,,no,no,no,Fassungsvermögen,,no,no,no,Filtereinsatz,,no,no,no,Geräuschentwicklung,,no,no,no,Gewicht,,no,no,no,Ladezeit,,no,no,no,"Laufzeit / Leistung (Eco)",,no,no,no,"Masse des Produktes",,no,no,no,Saugleistung,,no,no,no,Saugstärke,,no,no,no,Saugstufen,,no,no,no,Staubbeutel,,no,no,no,Staubsaugertyp,,no,no,no,,,,,,,,,Deutsch,,bundle,visible,Küche>Kochen>Toaster,,visible,publish,1,admin,ian.schaefer@sixa.ch,,,toaster-bundle,,,0,0,open,closed,"2022-03-23 11:02:20",no,yes,,no,,,,,,,no,no,,,,,-1,-1,,,no,taxable,standard,,,,6.3.1,,,0,0,
